USE [CollectionArchive]
GO
SET IDENTITY_INSERT [dbo].[AssetType] ON 
INSERT [dbo].[AssetType] ([Id], [CreatedDate], [EndDate], [ModifiedDate], [Name], [StartDate]) VALUES (1, CAST(N'2017-02-15T00:24:24.2112309' AS DateTime2), NULL, NULL, N'Owned', CAST(N'2017-02-15T00:24:24.2127320' AS DateTime2))
INSERT [dbo].[AssetType] ([Id], [CreatedDate], [EndDate], [ModifiedDate], [Name], [StartDate]) VALUES (2, CAST(N'2017-02-15T00:24:24.2127320' AS DateTime2), NULL, NULL, N'Wanted', CAST(N'2017-02-15T00:24:24.2127320' AS DateTime2))
INSERT [dbo].[AssetType] ([Id], [CreatedDate], [EndDate], [ModifiedDate], [Name], [StartDate]) VALUES (3, CAST(N'2017-02-15T00:24:24.2127320' AS DateTime2), NULL, NULL, N'Ready For Purchase', CAST(N'2017-02-15T00:24:24.2127320' AS DateTime2))
SET IDENTITY_INSERT [dbo].[AssetType] OFF

SET IDENTITY_INSERT [dbo].[User] ON 
INSERT [dbo].[User] ([Id], [CreatedDate], [EndDate], [ModifiedDate], [Password], [StartDate], [Username]) VALUES (1, CAST(N'2017-02-15T00:24:24.8870854' AS DateTime2), NULL, NULL, N't3st', CAST(N'2017-02-15T00:24:24.8870854' AS DateTime2), N'Test')
INSERT [dbo].[User] ([Id], [CreatedDate], [EndDate], [ModifiedDate], [Password], [StartDate], [Username]) VALUES (2, CAST(N'2017-02-15T00:24:24.8870854' AS DateTime2), NULL, NULL, N't3st', CAST(N'2017-02-15T00:24:24.8870854' AS DateTime2), N'Sean')
INSERT [dbo].[User] ([Id], [CreatedDate], [EndDate], [ModifiedDate], [Password], [StartDate], [Username]) VALUES (3, CAST(N'2017-02-15T00:24:24.8870854' AS DateTime2), NULL, NULL, N't3st', CAST(N'2017-02-15T00:24:24.8870854' AS DateTime2), N'Troy')
SET IDENTITY_INSERT [dbo].[User] OFF

SET IDENTITY_INSERT [dbo].[AssetCollection] ON 
INSERT [dbo].[AssetCollection] ([Id], [CreatedDate], [EndDate], [ModifiedDate], [Name], [SortOrder], [StartDate], [UserId]) VALUES (1, CAST(N'2017-02-15T00:24:25.0441335' AS DateTime2), NULL, NULL, N'Albums', 1, CAST(N'2017-02-15T00:24:25.0441335' AS DateTime2), 2)
INSERT [dbo].[AssetCollection] ([Id], [CreatedDate], [EndDate], [ModifiedDate], [Name], [SortOrder], [StartDate], [UserId]) VALUES (2, CAST(N'2017-02-15T00:24:25.0441335' AS DateTime2), NULL, NULL, N'Instruments', 2, CAST(N'2017-02-15T00:24:25.0441335' AS DateTime2), 2)
INSERT [dbo].[AssetCollection] ([Id], [CreatedDate], [EndDate], [ModifiedDate], [Name], [SortOrder], [StartDate], [UserId]) VALUES (3, CAST(N'2017-02-15T00:24:25.0441335' AS DateTime2), NULL, NULL, N'Music Equipment', 3, CAST(N'2017-02-15T00:24:25.0441335' AS DateTime2), 2)
SET IDENTITY_INSERT [dbo].[AssetCollection] OFF

SET IDENTITY_INSERT [dbo].[Asset] ON 
INSERT [dbo].[Asset] ([Id], [AssetCollectionId], [AssetTypeId], [CreatedDate], [EndDate], [ModifiedDate], [Name], [StartDate]) VALUES (1, 1, 1, CAST(N'2017-02-15T00:24:25.0926721' AS DateTime2), NULL, NULL, N'Appetite for Destruction', CAST(N'2017-02-15T00:24:25.0926721' AS DateTime2))
INSERT [dbo].[Asset] ([Id], [AssetCollectionId], [AssetTypeId], [CreatedDate], [EndDate], [ModifiedDate], [Name], [StartDate]) VALUES (2, 1, 2, CAST(N'2017-02-15T00:24:25.0926721' AS DateTime2), NULL, NULL, N'Achtung Baby', CAST(N'2017-02-15T00:24:25.0926721' AS DateTime2))
INSERT [dbo].[Asset] ([Id], [AssetCollectionId], [AssetTypeId], [CreatedDate], [EndDate], [ModifiedDate], [Name], [StartDate]) VALUES (3, 1, 3, CAST(N'2017-02-15T00:24:25.0926721' AS DateTime2), NULL, NULL, N'The Dark Side of the Moon', CAST(N'2017-02-15T00:24:25.0926721' AS DateTime2))
INSERT [dbo].[Asset] ([Id], [AssetCollectionId], [AssetTypeId], [CreatedDate], [EndDate], [ModifiedDate], [Name], [StartDate]) VALUES (4, 2, 1, CAST(N'2017-02-15T00:24:25.0926721' AS DateTime2), NULL, NULL, N'Full Size', CAST(N'2017-02-15T00:24:25.0926721' AS DateTime2))
INSERT [dbo].[Asset] ([Id], [AssetCollectionId], [AssetTypeId], [CreatedDate], [EndDate], [ModifiedDate], [Name], [StartDate]) VALUES (5, 2, 2, CAST(N'2017-02-15T00:24:25.0926721' AS DateTime2), NULL, NULL, N'Thunderbird', CAST(N'2017-02-15T00:24:25.0926721' AS DateTime2))
INSERT [dbo].[Asset] ([Id], [AssetCollectionId], [AssetTypeId], [CreatedDate], [EndDate], [ModifiedDate], [Name], [StartDate]) VALUES (6, 2, 3, CAST(N'2017-02-15T00:24:25.0926721' AS DateTime2), NULL, NULL, N'Jaguar', CAST(N'2017-02-15T00:24:25.0926721' AS DateTime2))
INSERT [dbo].[Asset] ([Id], [AssetCollectionId], [AssetTypeId], [CreatedDate], [EndDate], [ModifiedDate], [Name], [StartDate]) VALUES (7, 3, 1, CAST(N'2017-02-15T00:24:25.0926721' AS DateTime2), NULL, NULL, N'JamMan Solo XT', CAST(N'2017-02-15T00:24:25.0926721' AS DateTime2))
INSERT [dbo].[Asset] ([Id], [AssetCollectionId], [AssetTypeId], [CreatedDate], [EndDate], [ModifiedDate], [Name], [StartDate]) VALUES (8, 3, 2, CAST(N'2017-02-15T00:24:25.0926721' AS DateTime2), NULL, NULL, N'Mark Five: 35', CAST(N'2017-02-15T00:24:25.0926721' AS DateTime2))
INSERT [dbo].[Asset] ([Id], [AssetCollectionId], [AssetTypeId], [CreatedDate], [EndDate], [ModifiedDate], [Name], [StartDate]) VALUES (9, 3, 3, CAST(N'2017-02-15T00:24:25.0926721' AS DateTime2), NULL, NULL, N'Remote Station', CAST(N'2017-02-15T00:24:25.0926721' AS DateTime2))
SET IDENTITY_INSERT [dbo].[Asset] OFF

SET IDENTITY_INSERT [dbo].[Categorization] ON 
INSERT [dbo].[Categorization] ([Id], [AssetCollectionId], [CreatedDate], [EndDate], [ModifiedDate], [Name], [SortOrder], [StartDate]) VALUES (1, 1, CAST(N'2017-02-15T00:24:25.0866679' AS DateTime2), NULL, NULL, N'Style', 1, CAST(N'2017-02-15T00:24:25.0866679' AS DateTime2))
INSERT [dbo].[Categorization] ([Id], [AssetCollectionId], [CreatedDate], [EndDate], [ModifiedDate], [Name], [SortOrder], [StartDate]) VALUES (2, 1, CAST(N'2017-02-15T00:24:25.0866679' AS DateTime2), NULL, NULL, N'Artist', 2, CAST(N'2017-02-15T00:24:25.0866679' AS DateTime2))
INSERT [dbo].[Categorization] ([Id], [AssetCollectionId], [CreatedDate], [EndDate], [ModifiedDate], [Name], [SortOrder], [StartDate]) VALUES (3, 2, CAST(N'2017-02-15T00:24:25.0866679' AS DateTime2), NULL, NULL, N'Type', 1, CAST(N'2017-02-15T00:24:25.0866679' AS DateTime2))
INSERT [dbo].[Categorization] ([Id], [AssetCollectionId], [CreatedDate], [EndDate], [ModifiedDate], [Name], [SortOrder], [StartDate]) VALUES (4, 2, CAST(N'2017-02-15T00:24:25.0866679' AS DateTime2), NULL, NULL, N'Brand', 2, CAST(N'2017-02-15T00:24:25.0866679' AS DateTime2))
INSERT [dbo].[Categorization] ([Id], [AssetCollectionId], [CreatedDate], [EndDate], [ModifiedDate], [Name], [SortOrder], [StartDate]) VALUES (5, 3, CAST(N'2017-02-15T00:24:25.0866679' AS DateTime2), NULL, NULL, N'Type', 1, CAST(N'2017-02-15T00:24:25.0866679' AS DateTime2))
INSERT [dbo].[Categorization] ([Id], [AssetCollectionId], [CreatedDate], [EndDate], [ModifiedDate], [Name], [SortOrder], [StartDate]) VALUES (6, 3, CAST(N'2017-02-15T00:24:25.0866679' AS DateTime2), NULL, NULL, N'Brand', 2, CAST(N'2017-02-15T00:24:25.0866679' AS DateTime2))
SET IDENTITY_INSERT [dbo].[Categorization] OFF

SET IDENTITY_INSERT [dbo].[TextField] ON 
INSERT [dbo].[TextField] ([Id], [AssetCollectionId], [CreatedDate], [EndDate], [ModifiedDate], [Name], [SortOrder], [StartDate]) VALUES (1, 1, CAST(N'2017-02-15T00:24:25.0811623' AS DateTime2), NULL, NULL, N'Bar Code', 1, CAST(N'2017-02-15T00:24:25.0811623' AS DateTime2))
INSERT [dbo].[TextField] ([Id], [AssetCollectionId], [CreatedDate], [EndDate], [ModifiedDate], [Name], [SortOrder], [StartDate]) VALUES (2, 2, CAST(N'2017-02-15T00:24:25.0811623' AS DateTime2), NULL, NULL, N'Product Number', 1, CAST(N'2017-02-15T00:24:25.0811623' AS DateTime2))
INSERT [dbo].[TextField] ([Id], [AssetCollectionId], [CreatedDate], [EndDate], [ModifiedDate], [Name], [SortOrder], [StartDate]) VALUES (3, 2, CAST(N'2017-02-15T00:24:25.0811623' AS DateTime2), NULL, NULL, N'Serial Number', 2, CAST(N'2017-02-15T00:24:25.0811623' AS DateTime2))
INSERT [dbo].[TextField] ([Id], [AssetCollectionId], [CreatedDate], [EndDate], [ModifiedDate], [Name], [SortOrder], [StartDate]) VALUES (4, 2, CAST(N'2017-02-15T00:24:25.0811623' AS DateTime2), NULL, NULL, N'Estimated Price', 3, CAST(N'2017-02-15T00:24:25.0811623' AS DateTime2))
INSERT [dbo].[TextField] ([Id], [AssetCollectionId], [CreatedDate], [EndDate], [ModifiedDate], [Name], [SortOrder], [StartDate]) VALUES (5, 3, CAST(N'2017-02-15T00:24:25.0811623' AS DateTime2), NULL, NULL, N'Product Number', 1, CAST(N'2017-02-15T00:24:25.0811623' AS DateTime2))
INSERT [dbo].[TextField] ([Id], [AssetCollectionId], [CreatedDate], [EndDate], [ModifiedDate], [Name], [SortOrder], [StartDate]) VALUES (6, 3, CAST(N'2017-02-15T00:24:25.0811623' AS DateTime2), NULL, NULL, N'Serial Number', 2, CAST(N'2017-02-15T00:24:25.0811623' AS DateTime2))
INSERT [dbo].[TextField] ([Id], [AssetCollectionId], [CreatedDate], [EndDate], [ModifiedDate], [Name], [SortOrder], [StartDate]) VALUES (7, 3, CAST(N'2017-02-15T00:24:25.0811623' AS DateTime2), NULL, NULL, N'Estimated Price', 3, CAST(N'2017-02-15T00:24:25.0811623' AS DateTime2))
SET IDENTITY_INSERT [dbo].[TextField] OFF

SET IDENTITY_INSERT [dbo].[TextFieldValue] ON 
INSERT [dbo].[TextFieldValue] ([Id], [AssetId], [CreatedDate], [EndDate], [FieldValue], [ModifiedDate], [StartDate], [TextFieldId]) VALUES (1, 1, CAST(N'2017-02-15T00:24:25.1873922' AS DateTime2), NULL, N'92111588', NULL, CAST(N'2017-02-15T00:24:25.1873922' AS DateTime2), 1)
INSERT [dbo].[TextFieldValue] ([Id], [AssetId], [CreatedDate], [EndDate], [FieldValue], [ModifiedDate], [StartDate], [TextFieldId]) VALUES (2, 2, CAST(N'2017-02-15T00:24:25.1873922' AS DateTime2), NULL, N'4007192621101', NULL, CAST(N'2017-02-15T00:24:25.1873922' AS DateTime2), 1)
INSERT [dbo].[TextFieldValue] ([Id], [AssetId], [CreatedDate], [EndDate], [FieldValue], [ModifiedDate], [StartDate], [TextFieldId]) VALUES (3, 3, CAST(N'2017-02-15T00:24:25.1873922' AS DateTime2), NULL, N'11163-2', NULL, CAST(N'2017-02-15T00:24:25.1873922' AS DateTime2), 1)
INSERT [dbo].[TextFieldValue] ([Id], [AssetId], [CreatedDate], [EndDate], [FieldValue], [ModifiedDate], [StartDate], [TextFieldId]) VALUES (4, 4, CAST(N'2017-02-15T00:24:25.1873922' AS DateTime2), NULL, N'Product1', NULL, CAST(N'2017-02-15T00:24:25.1873922' AS DateTime2), 2)
INSERT [dbo].[TextFieldValue] ([Id], [AssetId], [CreatedDate], [EndDate], [FieldValue], [ModifiedDate], [StartDate], [TextFieldId]) VALUES (5, 4, CAST(N'2017-02-15T00:24:25.1873922' AS DateTime2), NULL, N'Serial1', NULL, CAST(N'2017-02-15T00:24:25.1873922' AS DateTime2), 3)
INSERT [dbo].[TextFieldValue] ([Id], [AssetId], [CreatedDate], [EndDate], [FieldValue], [ModifiedDate], [StartDate], [TextFieldId]) VALUES (6, 4, CAST(N'2017-02-15T00:24:25.1873922' AS DateTime2), NULL, N'$499.99', NULL, CAST(N'2017-02-15T00:24:25.1873922' AS DateTime2), 4)
INSERT [dbo].[TextFieldValue] ([Id], [AssetId], [CreatedDate], [EndDate], [FieldValue], [ModifiedDate], [StartDate], [TextFieldId]) VALUES (7, 5, CAST(N'2017-02-15T00:24:25.1873922' AS DateTime2), NULL, N'Product1', NULL, CAST(N'2017-02-15T00:24:25.1873922' AS DateTime2), 2)
INSERT [dbo].[TextFieldValue] ([Id], [AssetId], [CreatedDate], [EndDate], [FieldValue], [ModifiedDate], [StartDate], [TextFieldId]) VALUES (8, 5, CAST(N'2017-02-15T00:24:25.1873922' AS DateTime2), NULL, N'Serial1', NULL, CAST(N'2017-02-15T00:24:25.1873922' AS DateTime2), 3)
INSERT [dbo].[TextFieldValue] ([Id], [AssetId], [CreatedDate], [EndDate], [FieldValue], [ModifiedDate], [StartDate], [TextFieldId]) VALUES (9, 5, CAST(N'2017-02-15T00:24:25.1873922' AS DateTime2), NULL, N'$999.99', NULL, CAST(N'2017-02-15T00:24:25.1873922' AS DateTime2), 4)
INSERT [dbo].[TextFieldValue] ([Id], [AssetId], [CreatedDate], [EndDate], [FieldValue], [ModifiedDate], [StartDate], [TextFieldId]) VALUES (10, 6, CAST(N'2017-02-15T00:24:25.1873922' AS DateTime2), NULL, N'Product1', NULL, CAST(N'2017-02-15T00:24:25.1873922' AS DateTime2), 2)
INSERT [dbo].[TextFieldValue] ([Id], [AssetId], [CreatedDate], [EndDate], [FieldValue], [ModifiedDate], [StartDate], [TextFieldId]) VALUES (11, 6, CAST(N'2017-02-15T00:24:25.1873922' AS DateTime2), NULL, N'Serial1', NULL, CAST(N'2017-02-15T00:24:25.1873922' AS DateTime2), 3)
INSERT [dbo].[TextFieldValue] ([Id], [AssetId], [CreatedDate], [EndDate], [FieldValue], [ModifiedDate], [StartDate], [TextFieldId]) VALUES (12, 6, CAST(N'2017-02-15T00:24:25.1873922' AS DateTime2), NULL, N'$1799.99', NULL, CAST(N'2017-02-15T00:24:25.1873922' AS DateTime2), 4)
INSERT [dbo].[TextFieldValue] ([Id], [AssetId], [CreatedDate], [EndDate], [FieldValue], [ModifiedDate], [StartDate], [TextFieldId]) VALUES (13, 7, CAST(N'2017-02-15T00:24:25.1873922' AS DateTime2), NULL, N'Product1', NULL, CAST(N'2017-02-15T00:24:25.1873922' AS DateTime2), 5)
INSERT [dbo].[TextFieldValue] ([Id], [AssetId], [CreatedDate], [EndDate], [FieldValue], [ModifiedDate], [StartDate], [TextFieldId]) VALUES (14, 7, CAST(N'2017-02-15T00:24:25.1873922' AS DateTime2), NULL, N'Serial1', NULL, CAST(N'2017-02-15T00:24:25.1873922' AS DateTime2), 6)
INSERT [dbo].[TextFieldValue] ([Id], [AssetId], [CreatedDate], [EndDate], [FieldValue], [ModifiedDate], [StartDate], [TextFieldId]) VALUES (15, 7, CAST(N'2017-02-15T00:24:25.1873922' AS DateTime2), NULL, N'$199.95', NULL, CAST(N'2017-02-15T00:24:25.1873922' AS DateTime2), 7)
INSERT [dbo].[TextFieldValue] ([Id], [AssetId], [CreatedDate], [EndDate], [FieldValue], [ModifiedDate], [StartDate], [TextFieldId]) VALUES (16, 8, CAST(N'2017-02-15T00:24:25.1873922' AS DateTime2), NULL, N'Product1', NULL, CAST(N'2017-02-15T00:24:25.1873922' AS DateTime2), 5)
INSERT [dbo].[TextFieldValue] ([Id], [AssetId], [CreatedDate], [EndDate], [FieldValue], [ModifiedDate], [StartDate], [TextFieldId]) VALUES (17, 8, CAST(N'2017-02-15T00:24:25.1873922' AS DateTime2), NULL, N'Serial1', NULL, CAST(N'2017-02-15T00:24:25.1873922' AS DateTime2), 6)
INSERT [dbo].[TextFieldValue] ([Id], [AssetId], [CreatedDate], [EndDate], [FieldValue], [ModifiedDate], [StartDate], [TextFieldId]) VALUES (18, 8, CAST(N'2017-02-15T00:24:25.1873922' AS DateTime2), NULL, N'$1,799.00', NULL, CAST(N'2017-02-15T00:24:25.1873922' AS DateTime2), 7)
INSERT [dbo].[TextFieldValue] ([Id], [AssetId], [CreatedDate], [EndDate], [FieldValue], [ModifiedDate], [StartDate], [TextFieldId]) VALUES (19, 9, CAST(N'2017-02-15T00:24:25.1873922' AS DateTime2), NULL, N'Product1', NULL, CAST(N'2017-02-15T00:24:25.1873922' AS DateTime2), 5)
INSERT [dbo].[TextFieldValue] ([Id], [AssetId], [CreatedDate], [EndDate], [FieldValue], [ModifiedDate], [StartDate], [TextFieldId]) VALUES (20, 9, CAST(N'2017-02-15T00:24:25.1873922' AS DateTime2), NULL, N'Serial1', NULL, CAST(N'2017-02-15T00:24:25.1873922' AS DateTime2), 6)
INSERT [dbo].[TextFieldValue] ([Id], [AssetId], [CreatedDate], [EndDate], [FieldValue], [ModifiedDate], [StartDate], [TextFieldId]) VALUES (21, 9, CAST(N'2017-02-15T00:24:25.1873922' AS DateTime2), NULL, N'$100.00', NULL, CAST(N'2017-02-15T00:24:25.1873922' AS DateTime2), 7)
SET IDENTITY_INSERT [dbo].[TextFieldValue] OFF

SET IDENTITY_INSERT [dbo].[CategorizationOption] ON 
INSERT [dbo].[CategorizationOption] ([Id], [CategorizationId], [CreatedDate], [EndDate], [ModifiedDate], [Name], [StartDate]) VALUES (1, 1, CAST(N'2017-02-15T00:24:25.1608657' AS DateTime2), NULL, NULL, N'1960s', CAST(N'2017-02-15T00:24:25.1608657' AS DateTime2))
INSERT [dbo].[CategorizationOption] ([Id], [CategorizationId], [CreatedDate], [EndDate], [ModifiedDate], [Name], [StartDate]) VALUES (2, 1, CAST(N'2017-02-15T00:24:25.1608657' AS DateTime2), NULL, NULL, N'1970s', CAST(N'2017-02-15T00:24:25.1608657' AS DateTime2))
INSERT [dbo].[CategorizationOption] ([Id], [CategorizationId], [CreatedDate], [EndDate], [ModifiedDate], [Name], [StartDate]) VALUES (3, 1, CAST(N'2017-02-15T00:24:25.1608657' AS DateTime2), NULL, NULL, N'1980s - Pop / New Wave', CAST(N'2017-02-15T00:24:25.1608657' AS DateTime2))
INSERT [dbo].[CategorizationOption] ([Id], [CategorizationId], [CreatedDate], [EndDate], [ModifiedDate], [Name], [StartDate]) VALUES (4, 1, CAST(N'2017-02-15T00:24:25.1608657' AS DateTime2), NULL, NULL, N'1980s - Rock', CAST(N'2017-02-15T00:24:25.1608657' AS DateTime2))
INSERT [dbo].[CategorizationOption] ([Id], [CategorizationId], [CreatedDate], [EndDate], [ModifiedDate], [Name], [StartDate]) VALUES (5, 1, CAST(N'2017-02-15T00:24:25.1608657' AS DateTime2), NULL, NULL, N'1990s', CAST(N'2017-02-15T00:24:25.1608657' AS DateTime2))
INSERT [dbo].[CategorizationOption] ([Id], [CategorizationId], [CreatedDate], [EndDate], [ModifiedDate], [Name], [StartDate]) VALUES (6, 1, CAST(N'2017-02-15T00:24:25.1608657' AS DateTime2), NULL, NULL, N'2000+', CAST(N'2017-02-15T00:24:25.1608657' AS DateTime2))
INSERT [dbo].[CategorizationOption] ([Id], [CategorizationId], [CreatedDate], [EndDate], [ModifiedDate], [Name], [StartDate]) VALUES (7, 1, CAST(N'2017-02-15T00:24:25.1608657' AS DateTime2), NULL, NULL, N'Blues Jazz', CAST(N'2017-02-15T00:24:25.1608657' AS DateTime2))
INSERT [dbo].[CategorizationOption] ([Id], [CategorizationId], [CreatedDate], [EndDate], [ModifiedDate], [Name], [StartDate]) VALUES (8, 1, CAST(N'2017-02-15T00:24:25.1608657' AS DateTime2), NULL, NULL, N'Soundtrack', CAST(N'2017-02-15T00:24:25.1608657' AS DateTime2))
INSERT [dbo].[CategorizationOption] ([Id], [CategorizationId], [CreatedDate], [EndDate], [ModifiedDate], [Name], [StartDate]) VALUES (9, 2, CAST(N'2017-02-15T00:24:25.1608657' AS DateTime2), NULL, NULL, N'Guns N'' Roses', CAST(N'2017-02-15T00:24:25.1608657' AS DateTime2))
INSERT [dbo].[CategorizationOption] ([Id], [CategorizationId], [CreatedDate], [EndDate], [ModifiedDate], [Name], [StartDate]) VALUES (10, 2, CAST(N'2017-02-15T00:24:25.1608657' AS DateTime2), NULL, NULL, N'U2', CAST(N'2017-02-15T00:24:25.1608657' AS DateTime2))
INSERT [dbo].[CategorizationOption] ([Id], [CategorizationId], [CreatedDate], [EndDate], [ModifiedDate], [Name], [StartDate]) VALUES (11, 2, CAST(N'2017-02-15T00:24:25.1608657' AS DateTime2), NULL, NULL, N'Pink Floyd', CAST(N'2017-02-15T00:24:25.1608657' AS DateTime2))
INSERT [dbo].[CategorizationOption] ([Id], [CategorizationId], [CreatedDate], [EndDate], [ModifiedDate], [Name], [StartDate]) VALUES (12, 3, CAST(N'2017-02-15T00:24:25.1608657' AS DateTime2), NULL, NULL, N'Violin', CAST(N'2017-02-15T00:24:25.1608657' AS DateTime2))
INSERT [dbo].[CategorizationOption] ([Id], [CategorizationId], [CreatedDate], [EndDate], [ModifiedDate], [Name], [StartDate]) VALUES (13, 3, CAST(N'2017-02-15T00:24:25.1608657' AS DateTime2), NULL, NULL, N'Bass', CAST(N'2017-02-15T00:24:25.1608657' AS DateTime2))
INSERT [dbo].[CategorizationOption] ([Id], [CategorizationId], [CreatedDate], [EndDate], [ModifiedDate], [Name], [StartDate]) VALUES (14, 3, CAST(N'2017-02-15T00:24:25.1608657' AS DateTime2), NULL, NULL, N'Guitar', CAST(N'2017-02-15T00:24:25.1608657' AS DateTime2))
INSERT [dbo].[CategorizationOption] ([Id], [CategorizationId], [CreatedDate], [EndDate], [ModifiedDate], [Name], [StartDate]) VALUES (15, 4, CAST(N'2017-02-15T00:24:25.1608657' AS DateTime2), NULL, NULL, N'Stradivarius', CAST(N'2017-02-15T00:24:25.1608657' AS DateTime2))
INSERT [dbo].[CategorizationOption] ([Id], [CategorizationId], [CreatedDate], [EndDate], [ModifiedDate], [Name], [StartDate]) VALUES (16, 4, CAST(N'2017-02-15T00:24:25.1608657' AS DateTime2), NULL, NULL, N'Gibson', CAST(N'2017-02-15T00:24:25.1608657' AS DateTime2))
INSERT [dbo].[CategorizationOption] ([Id], [CategorizationId], [CreatedDate], [EndDate], [ModifiedDate], [Name], [StartDate]) VALUES (17, 4, CAST(N'2017-02-15T00:24:25.1608657' AS DateTime2), NULL, NULL, N'Fender', CAST(N'2017-02-15T00:24:25.1608657' AS DateTime2))
INSERT [dbo].[CategorizationOption] ([Id], [CategorizationId], [CreatedDate], [EndDate], [ModifiedDate], [Name], [StartDate]) VALUES (18, 5, CAST(N'2017-02-15T00:24:25.1608657' AS DateTime2), NULL, NULL, N'Pedal', CAST(N'2017-02-15T00:24:25.1608657' AS DateTime2))
INSERT [dbo].[CategorizationOption] ([Id], [CategorizationId], [CreatedDate], [EndDate], [ModifiedDate], [Name], [StartDate]) VALUES (19, 5, CAST(N'2017-02-15T00:24:25.1608657' AS DateTime2), NULL, NULL, N'Amp', CAST(N'2017-02-15T00:24:25.1608657' AS DateTime2))
INSERT [dbo].[CategorizationOption] ([Id], [CategorizationId], [CreatedDate], [EndDate], [ModifiedDate], [Name], [StartDate]) VALUES (20, 5, CAST(N'2017-02-15T00:24:25.1608657' AS DateTime2), NULL, NULL, N'Headphone Devices', CAST(N'2017-02-15T00:24:25.1608657' AS DateTime2))
INSERT [dbo].[CategorizationOption] ([Id], [CategorizationId], [CreatedDate], [EndDate], [ModifiedDate], [Name], [StartDate]) VALUES (21, 6, CAST(N'2017-02-15T00:24:25.1608657' AS DateTime2), NULL, NULL, N'DigiTech', CAST(N'2017-02-15T00:24:25.1608657' AS DateTime2))
INSERT [dbo].[CategorizationOption] ([Id], [CategorizationId], [CreatedDate], [EndDate], [ModifiedDate], [Name], [StartDate]) VALUES (22, 6, CAST(N'2017-02-15T00:24:25.1608657' AS DateTime2), NULL, NULL, N'Mesa/Boogie', CAST(N'2017-02-15T00:24:25.1608657' AS DateTime2))
INSERT [dbo].[CategorizationOption] ([Id], [CategorizationId], [CreatedDate], [EndDate], [ModifiedDate], [Name], [StartDate]) VALUES (23, 6, CAST(N'2017-02-15T00:24:25.1608657' AS DateTime2), NULL, NULL, N'Furman', CAST(N'2017-02-15T00:24:25.1608657' AS DateTime2))
SET IDENTITY_INSERT [dbo].[CategorizationOption] OFF

SET IDENTITY_INSERT [dbo].[CategorizationValue] ON 
INSERT [dbo].[CategorizationValue] ([Id], [AssetId], [CategorizationId], [CategorizationOptionId], [CreatedDate], [EndDate], [ModifiedDate], [StartDate]) VALUES (1, 1, 1, 4, CAST(N'2017-02-15T00:24:25.1828878' AS DateTime2), NULL, NULL, CAST(N'2017-02-15T00:24:25.1828878' AS DateTime2))
INSERT [dbo].[CategorizationValue] ([Id], [AssetId], [CategorizationId], [CategorizationOptionId], [CreatedDate], [EndDate], [ModifiedDate], [StartDate]) VALUES (2, 1, 2, 9, CAST(N'2017-02-15T00:24:25.1828878' AS DateTime2), NULL, NULL, CAST(N'2017-02-15T00:24:25.1828878' AS DateTime2))
INSERT [dbo].[CategorizationValue] ([Id], [AssetId], [CategorizationId], [CategorizationOptionId], [CreatedDate], [EndDate], [ModifiedDate], [StartDate]) VALUES (3, 2, 1, 4, CAST(N'2017-02-15T00:24:25.1828878' AS DateTime2), NULL, NULL, CAST(N'2017-02-15T00:24:25.1828878' AS DateTime2))
INSERT [dbo].[CategorizationValue] ([Id], [AssetId], [CategorizationId], [CategorizationOptionId], [CreatedDate], [EndDate], [ModifiedDate], [StartDate]) VALUES (4, 2, 2, 10, CAST(N'2017-02-15T00:24:25.1828878' AS DateTime2), NULL, NULL, CAST(N'2017-02-15T00:24:25.1828878' AS DateTime2))
INSERT [dbo].[CategorizationValue] ([Id], [AssetId], [CategorizationId], [CategorizationOptionId], [CreatedDate], [EndDate], [ModifiedDate], [StartDate]) VALUES (5, 3, 1, 2, CAST(N'2017-02-15T00:24:25.1828878' AS DateTime2), NULL, NULL, CAST(N'2017-02-15T00:24:25.1828878' AS DateTime2))
INSERT [dbo].[CategorizationValue] ([Id], [AssetId], [CategorizationId], [CategorizationOptionId], [CreatedDate], [EndDate], [ModifiedDate], [StartDate]) VALUES (6, 3, 2, 11, CAST(N'2017-02-15T00:24:25.1828878' AS DateTime2), NULL, NULL, CAST(N'2017-02-15T00:24:25.1828878' AS DateTime2))
INSERT [dbo].[CategorizationValue] ([Id], [AssetId], [CategorizationId], [CategorizationOptionId], [CreatedDate], [EndDate], [ModifiedDate], [StartDate]) VALUES (7, 4, 3, 12, CAST(N'2017-02-15T00:24:25.1828878' AS DateTime2), NULL, NULL, CAST(N'2017-02-15T00:24:25.1828878' AS DateTime2))
INSERT [dbo].[CategorizationValue] ([Id], [AssetId], [CategorizationId], [CategorizationOptionId], [CreatedDate], [EndDate], [ModifiedDate], [StartDate]) VALUES (8, 4, 4, 15, CAST(N'2017-02-15T00:24:25.1828878' AS DateTime2), NULL, NULL, CAST(N'2017-02-15T00:24:25.1828878' AS DateTime2))
INSERT [dbo].[CategorizationValue] ([Id], [AssetId], [CategorizationId], [CategorizationOptionId], [CreatedDate], [EndDate], [ModifiedDate], [StartDate]) VALUES (9, 5, 3, 13, CAST(N'2017-02-15T00:24:25.1828878' AS DateTime2), NULL, NULL, CAST(N'2017-02-15T00:24:25.1828878' AS DateTime2))
INSERT [dbo].[CategorizationValue] ([Id], [AssetId], [CategorizationId], [CategorizationOptionId], [CreatedDate], [EndDate], [ModifiedDate], [StartDate]) VALUES (10, 5, 4, 16, CAST(N'2017-02-15T00:24:25.1828878' AS DateTime2), NULL, NULL, CAST(N'2017-02-15T00:24:25.1828878' AS DateTime2))
INSERT [dbo].[CategorizationValue] ([Id], [AssetId], [CategorizationId], [CategorizationOptionId], [CreatedDate], [EndDate], [ModifiedDate], [StartDate]) VALUES (11, 6, 3, 14, CAST(N'2017-02-15T00:24:25.1828878' AS DateTime2), NULL, NULL, CAST(N'2017-02-15T00:24:25.1828878' AS DateTime2))
INSERT [dbo].[CategorizationValue] ([Id], [AssetId], [CategorizationId], [CategorizationOptionId], [CreatedDate], [EndDate], [ModifiedDate], [StartDate]) VALUES (12, 6, 4, 17, CAST(N'2017-02-15T00:24:25.1828878' AS DateTime2), NULL, NULL, CAST(N'2017-02-15T00:24:25.1828878' AS DateTime2))
INSERT [dbo].[CategorizationValue] ([Id], [AssetId], [CategorizationId], [CategorizationOptionId], [CreatedDate], [EndDate], [ModifiedDate], [StartDate]) VALUES (13, 7, 5, 18, CAST(N'2017-02-15T00:24:25.1828878' AS DateTime2), NULL, NULL, CAST(N'2017-02-15T00:24:25.1828878' AS DateTime2))
INSERT [dbo].[CategorizationValue] ([Id], [AssetId], [CategorizationId], [CategorizationOptionId], [CreatedDate], [EndDate], [ModifiedDate], [StartDate]) VALUES (14, 7, 6, 21, CAST(N'2017-02-15T00:24:25.1828878' AS DateTime2), NULL, NULL, CAST(N'2017-02-15T00:24:25.1828878' AS DateTime2))
INSERT [dbo].[CategorizationValue] ([Id], [AssetId], [CategorizationId], [CategorizationOptionId], [CreatedDate], [EndDate], [ModifiedDate], [StartDate]) VALUES (15, 8, 5, 19, CAST(N'2017-02-15T00:24:25.1828878' AS DateTime2), NULL, NULL, CAST(N'2017-02-15T00:24:25.1828878' AS DateTime2))
INSERT [dbo].[CategorizationValue] ([Id], [AssetId], [CategorizationId], [CategorizationOptionId], [CreatedDate], [EndDate], [ModifiedDate], [StartDate]) VALUES (16, 8, 6, 22, CAST(N'2017-02-15T00:24:25.1828878' AS DateTime2), NULL, NULL, CAST(N'2017-02-15T00:24:25.1828878' AS DateTime2))
INSERT [dbo].[CategorizationValue] ([Id], [AssetId], [CategorizationId], [CategorizationOptionId], [CreatedDate], [EndDate], [ModifiedDate], [StartDate]) VALUES (17, 9, 5, 20, CAST(N'2017-02-15T00:24:25.1828878' AS DateTime2), NULL, NULL, CAST(N'2017-02-15T00:24:25.1828878' AS DateTime2))
INSERT [dbo].[CategorizationValue] ([Id], [AssetId], [CategorizationId], [CategorizationOptionId], [CreatedDate], [EndDate], [ModifiedDate], [StartDate]) VALUES (18, 9, 6, 23, CAST(N'2017-02-15T00:24:25.1828878' AS DateTime2), NULL, NULL, CAST(N'2017-02-15T00:24:25.1828878' AS DateTime2))
SET IDENTITY_INSERT [dbo].[CategorizationValue] OFF

